{"cameraMode":{"drawMode":0,"name":"Shaded","section":"Shading Mode"},"sceneLighting":false,"audioPlay":false,"sceneViewState":{"showFog":true,"showMaterialUpdate":false,"showSkybox":false,"showFlares":true,"showImageEffects":true,"showParticleSystems":true},"in2DMode":false,"pivot":{"x":-11.39208984375,"y":0.2450639009475708,"z":5.213683605194092},"rotation":{"x":-0.07790690660476685,"y":-0.0904994085431099,"z":0.007101439405232668,"w":-0.9928209781646729},"size":11.563111305236817,"orthographic":false}